year,total_population,male_count,female_count,male_ratio,total_income,avg_income,median_income,income_std,max_income,min_income,employed_count,unemployed_count,employment_rate,child_count,civil_servant_count,craftsman_count,farmer_count,fisher_count,homemaker_count,service_provider_count,civil_servant_avg_income,civil_servant_total_income,child_avg_income,child_total_income,unemployed_avg_income,unemployed_total_income,farmer_avg_income,farmer_total_income,homemaker_avg_income,homemaker_total_income,fisher_avg_income,fisher_total_income,craftsman_avg_income,craftsman_total_income,service_provider_avg_income,service_provider_total_income,retired_count,retired_avg_income,retired_total_income,gdp,total_population_lag1,total_population_lag2,avg_income_lag1,avg_income_lag2,employment_rate_lag1,employment_rate_lag2,total_income_lag1,total_income_lag2,population_growth,income_growth
0,500,244,234,0.488,947610.99,1895.22198,1269.33,2150.2522208987575,7777.5,0.0,376,44,0.752,124,43,48,73,53,74,41,5357.960465116279,230392.3,0.0,0.0,193.5193181818182,8514.85,2182.726575342466,159339.04,202.78000000000003,15005.720000000001,2232.419245283019,118318.22,4212.391458333333,202194.78999999998,5215.757804878049,213846.07,0.0,0.0,0.0,947610.99,0.0,0.0,0.0,0.0,0.0,0.0,0.0,0.0,0.0,0.0
1,506,248,236,0.4901185770750988,924027.86,1826.1420158102767,701.0699999999999,2104.80090948832,7947.98,0.0,385,46,0.7608695652173914,121,41,47,75,50,77,40,5250.540975609756,215272.18,0.0,0.0,193.88543478260868,8918.73,2212.9628,165972.21,203.26818181818183,15651.650000000001,2218.9664000000002,110948.32,4179.802553191489,196450.72,5203.4175,208136.69999999998,9.0,297.48333333333335,2677.3500000000004,924027.86,500.0,0.0,1895.22198,0.0,0.752,0.0,947610.99,0.0,1.200000000000001,-3.6449537267251086
2,510,250,238,0.49019607843137253,936162.2100000001,1835.6121764705883,396.81,2113.709656286304,7725.32,0.0,392,45,0.7686274509803922,118,42,49,75,48,74,40,5304.655952380953,222795.55000000002,0.0,0.0,189.14844444444446,8511.68,2243.4932000000003,168261.99000000002,196.10472972972974,14511.750000000002,2227.7137500000003,106930.26000000001,4159.751020408164,203827.80000000002,5131.32625,205253.05,19.0,319.4805263157895,6070.130000000001,936162.21,506.0,500.0,1826.1420158102767,1895.22198,0.7608695652173914,0.752,924027.86,947610.99,0.7905138339920903,0.518588399933928
3,513,251,240,0.48927875243664715,827450.82,1612.9645614035087,381.85,2165.259034172015,7641.42,0.0,400,44,0.7797270955165692,113,42,49,77,47,72,41,5389.683333333333,226366.7,0.0,0.0,186.23318181818183,8194.26,637.7409090909092,49106.05000000001,190.95805555555555,13748.98,2184.146170212766,102654.87,4185.777551020407,205103.09999999998,5191.451951219513,212849.53000000003,28.0,336.6903571428571,9427.33,827450.82,510.0,506.0,1835.6121764705883,1826.1420158102767,0.7686274509803922,0.7608695652173914,936162.2100000001,924027.86,0.588235294117645,-12.129338534633927
4,515,253,240,0.4912621359223301,936712.99,1818.8601747572816,383.32,2094.3781545988454,7589.48,0.0,406,43,0.7883495145631068,109,42,48,75,45,72,41,4941.213809523809,207530.97999999998,0.0,0.0,161.57767441860463,6947.839999999999,1987.3530666666668,149051.48,163.12833333333336,11745.240000000002,3760.235777777777,169210.60999999996,3756.657916666667,180319.58000000002,4849.114390243903,198813.69,40.0,327.33925,13093.57,936712.99,513.0,510.0,1612.9645614035087,1835.6121764705883,0.7797270955165692,0.7686274509803922,827450.82,936162.2100000001,0.3898635477582957,12.7650425979982
5,513,250,241,0.4873294346978557,875192.56,1706.028382066277,401.5,2035.7477054898866,7862.78,0.0,406,44,0.7914230019493177,107,42,47,75,46,72,41,5004.3,210180.6,0.0,0.0,157.10113636363636,6912.45,2038.6053333333332,152895.4,156.18875,11245.59,2026.5189130434785,93219.87000000001,3848.8568085106385,180896.27000000002,5041.765121951219,206712.37,39.0,336.6669230769231,13130.010000000002,875192.56,515.0,513.0,1818.8601747572816,1612.9645614035087,0.7883495145631068,0.7797270955165692,936712.99,827450.82,-0.3883495145631022,-6.203434120825779
6,514,249,243,0.48443579766536965,904379.3,1759.4928015564203,590.7850000000001,2138.09012046498,8141.07,0.0,411,44,0.7996108949416343,103,44,47,75,45,69,41,5278.774090909093,232266.06000000006,0.0,0.0,158.50090909090906,6974.039999999998,1862.8319999999994,139712.39999999997,157.89275362318838,10894.599999999999,2142.360888888889,96406.23999999999,3947.139574468085,185515.56,5254.5334146341465,215435.87,46.0,373.35934782608683,17174.529999999995,904379.3,513.0,515.0,1706.028382066277,1818.8601747572816,0.7914230019493177,0.7883495145631068,875192.56,936712.99,0.19493177387914784,3.1338528744398353
7,513,248,242,0.4834307992202729,804472.67,1568.1728460038987,436.06,2078.0578753087,7622.53,0.0,414,44,0.8070175438596491,99,43,47,75,45,72,42,5142.003255813954,221106.14,0.0,0.0,148.08272727272728,6515.64,872.6085333333333,65445.64,145.13402777777776,10449.65,3760.8059999999996,169236.27,2110.2525531914894,99181.87000000001,5113.649285714286,214773.27,46.0,386.1780434782609,17764.190000000002,804472.67,514.0,513.0,1759.4928015564203,1706.028382066277,0.7996108949416343,0.7914230019493177,904379.3,875192.56,-0.1945525291828787,-10.873585580076428
8,514,249,243,0.48443579766536965,826799.61,1608.5595525291828,496.545,2122.8111407138376,8100.14,0.0,419,45,0.8151750972762646,95,45,47,76,46,70,41,5162.4728888888885,232311.28,0.0,0.0,144.0026666666667,6480.120000000001,874.1313157894738,66433.98000000001,139.25628571428572,9747.94,2059.171739130435,94721.90000000001,4016.1744680851066,188760.2,5074.331219512195,208047.58000000002,49.0,414.2165306122449,20296.61,826799.61,513.0,514.0,1568.1728460038987,1759.4928015564203,0.8070175438596491,0.7996108949416343,804472.67,904379.3,0.19493177387914784,2.5753989190795856
9,512,246,244,0.48046875,1000241.05,1953.59580078125,970.5999999999999,2322.172652861368,8645.69,0.0,420,45,0.8203125,92,45,46,75,47,69,42,5741.833111111112,258382.49000000002,0.0,0.0,154.806,6966.27,1979.7867999999996,148484.00999999998,150.18811594202896,10362.979999999998,2290.0197872340423,107630.93,4496.0219565217385,206817.00999999998,5627.249285714286,236344.47,51.0,495.1547058823529,25252.89,1000241.05,514.0,513.0,1608.5595525291828,1568.1728460038987,0.8151750972762646,0.8070175438596491,826799.61,804472.67,-0.3891050583657574,21.4500139400843
10,512,246,244,0.48046875,981671.55,1917.32724609375,522.49,2454.1833216171426,8954.44,0.0,422,43,0.82421875,90,43,45,75,48,69,41,5789.200465116279,248935.62,0.0,0.0,145.96,6276.280000000001,686.1400000000001,51460.50000000001,141.50999999999996,9764.189999999997,4284.785416666667,205669.69999999998,4452.800444444444,200376.02,5538.304390243903,227070.48,58.0,553.7717241379311,32118.760000000002,981671.55,512.0,514.0,1953.59580078125,1608.5595525291828,0.8203125,0.8151750972762646,1000241.05,826799.61,0.0,-1.8565024900747629
11,511,244,245,0.4774951076320939,1015271.0499999999,1986.8318003913894,1145.94,2295.7207835934723,8877.58,0.0,427,41,0.8356164383561644,84,44,48,76,48,72,39,5850.9690909090905,257442.63999999998,0.0,0.0,137.10439024390243,5621.28,2207.9732894736844,167805.97,134.1963888888889,9662.14,2346.8174999999997,112647.23999999999,4469.3125,214527.0,5444.528717948718,212336.62,59.0,597.0874576271186,35228.159999999996,1015271.05,512.0,512.0,1917.32724609375,1953.59580078125,0.82421875,0.8203125,981671.55,1000241.05,-0.1953125,3.625075189394189
12,510,243,245,0.4764705882352941,1000947.76,1962.6426666666666,1180.23,2273.876069266713,8990.41,0.0,430,38,0.8431372549019608,80,46,50,75,49,69,37,5789.684347826086,266325.48,0.0,0.0,121.97105263157894,4634.9,2067.5807999999997,155068.55999999997,121.06376811594203,8353.4,2321.0932653061227,113733.57,4398.0626,219903.13,5270.623243243244,195013.06000000003,66.0,574.479696969697,37915.66,1000947.76,511.0,512.0,1986.8318003913894,1917.32724609375,0.8356164383561644,0.82421875,1015271.0499999999,981671.55,-0.195694716242667,-1.217472647657325
13,507,242,243,0.47731755424063116,1140402.1,2249.3138067061145,1373.51,2448.1485830751676,9024.3,0.0,429,33,0.8461538461538461,78,46,52,76,51,68,40,5901.698913043478,271478.14999999997,0.0,0.0,114.60757575757576,3782.05,2146.664868421053,163146.53000000003,113.1786764705882,7696.149999999998,4259.898039215686,217254.8,4396.742307692307,228630.59999999998,5309.77975,212391.19,63.0,571.7877777777778,36022.630000000005,1140402.1,510.0,511.0,1962.6426666666666,1986.8318003913894,0.8431372549019608,0.8356164383561644,1000947.76,1015271.0499999999,-0.588235294117645,14.606384794758753
14,506,240,245,0.4743083003952569,1073194.81,2120.9383596837947,1389.65,2361.6647324398473,8936.83,0.0,428,30,0.8458498023715415,78,46,53,76,53,65,40,5925.404782608694,272568.61999999994,0.0,0.0,104.10799999999999,3123.24,2250.049342105263,171003.74999999997,99.51615384615387,6468.550000000001,2407.1566037735847,127579.29999999999,4431.28679245283,234858.19999999998,5470.625750000001,218825.03000000003,65.0,596.4326153846154,38768.119999999995,1073194.81,507.0,510.0,2249.3138067061145,1962.6426666666666,0.8461538461538461,0.8431372549019608,1140402.1,1000947.76,-0.19723865877712132,-5.707316010757624
15,503,237,244,0.4711729622266402,1044928.38,2077.3924055666002,1294.18,2408.3526801332814,9319.07,0.0,421,29,0.8369781312127237,82,45,54,78,53,64,40,6034.425777777778,271549.16000000003,0.0,0.0,95.56206896551721,2771.2999999999993,1686.9102564102564,131579.0,89.416875,5722.68,2418.326603773585,128171.31,4511.216481481481,243605.68999999997,5648.36875,225934.75,58.0,613.6981034482759,35594.490000000005,1044928.38,506.0,507.0,2120.9383596837947,2249.3138067061145,0.8458498023715415,0.8461538461538461,1073194.81,1140402.1,-0.5928853754940677,-2.053145671036216
16,501,239,239,0.47704590818363274,1140952.85,2277.350998003992,1463.37,2537.303185627331,8984.38,0.0,417,30,0.8323353293413174,84,44,54,77,54,64,37,6178.707272727274,271863.12000000005,0.0,0.0,86.02466666666669,2580.7400000000007,1694.5063636363636,130476.99,78.55125,5027.28,4433.674999999999,239418.44999999995,4545.081296296296,245434.39,5546.507027027027,205220.76,57.0,718.0898245614035,40931.119999999995,1140952.85,503.0,506.0,2077.3924055666002,2120.9383596837947,0.8369781312127237,0.8458498023715415,1044928.38,1073194.81,-0.3976143141153132,9.625460837421995
17,501,239,239,0.47704590818363274,990172.75,1976.3927145708583,724.39,2526.720615155743,9635.14,0.0,416,30,0.8303393213572854,85,44,54,73,52,65,37,6377.442272727273,280607.46,0.0,0.0,76.79233333333333,2303.77,751.2123287671232,54838.49999999999,71.68553846153847,4659.56,2495.922115384615,129787.95,4697.142407407408,253645.69000000006,5847.887567567568,216371.84000000003,61.0,786.196393442623,47957.98,990172.75,501.0,503.0,2277.350998003992,2077.3924055666002,0.8323353293413174,0.8369781312127237,1140952.85,1044928.38,0.0,-13.215278790880802
18,500,238,239,0.476,1054540.02,2109.08004,1379.125,2416.2096493767012,9090.8,0.0,411,30,0.822,89,44,54,73,54,65,35,6230.554318181818,274144.39,0.0,0.0,64.04933333333334,1921.48,2151.71397260274,157075.12,59.33184615384616,3856.57,2291.418518518519,123736.6,4658.16037037037,251540.66,5531.611714285715,193606.41,56.0,868.9069642857141,48658.78999999999,1054540.02,501.0,501.0,1976.3927145708583,2277.350998003992,0.8303393213572854,0.8323353293413174,990172.75,1140952.85,-0.1996007984031989,6.713611341051329
19,501,239,239,0.47704590818363274,1168927.28,2333.1881836327348,1716.96,2539.751979806157,9562.08,0.0,410,28,0.8183632734530938,91,43,55,74,53,66,36,6195.57046511628,266409.53,0.0,0.0,51.38107142857143,1438.67,2263.0114864864863,167462.84999999998,50.849999999999994,3356.0999999999995,4188.481320754717,221989.50999999998,4627.318909090909,254502.53999999998,5599.5777777777785,201584.80000000002,55.0,948.7869090909089,52183.27999999999,1168927.28,500.0,501.0,2109.08004,1976.3927145708583,0.822,0.8303393213572854,1054540.02,990172.75,0.20000000000000018,10.625871914881667
20,502,240,239,0.47808764940239046,1052959.2,2097.5282868525896,1373.0,2449.247113550322,9537.56,0.0,407,28,0.8107569721115537,95,42,55,69,53,63,35,6153.999523809524,258467.98,0.0,0.0,39.18178571428571,1097.09,2148.0836231884055,148217.77,38.56428571428571,2429.5499999999997,2357.1522641509428,124929.06999999996,4763.803636363636,262009.19999999998,5670.334571428572,198461.71000000002,62.0,924.9488709677419,57346.829999999994,1052959.2,501.0,500.0,2333.1881836327348,2109.08004,0.8183632734530938,0.822,1168927.28,1054540.02,0.1996007984031989,-10.100338173889888
21,503,242,238,0.48111332007952284,1054369.18,2096.161391650099,1454.2,2403.6971126092794,9414.13,-5.54,386,28,0.7673956262425448,100,39,56,70,54,56,36,6058.613589743589,236285.92999999996,0.0,0.0,27.886785714285715,780.83,2148.032714285715,150362.29000000004,29.984107142857145,1679.1100000000001,2347.0681481481483,126741.68000000001,4707.627678571429,263627.15,5730.93611111111,206313.69999999998,64.0,1071.53890625,68578.49,1054369.18,502.0,501.0,2097.5282868525896,2333.1881836327348,0.8107569721115537,0.8183632734530938,1052959.2,1168927.28,0.19920318725099584,-0.06516694964536773
22,503,246,234,0.48906560636182905,1162142.9699999997,2310.423399602385,1730.14,2536.2949121161105,9026.86,-17.51,365,26,0.7256461232604374,106,37,55,69,55,55,37,6108.318378378378,226007.78,0.0,0.0,15.229230769230766,395.9599999999999,2118.079565217391,146147.49,21.649818181818183,1190.74,4323.191636363636,237775.53999999998,4821.946727272726,265207.06999999995,5706.435675675675,211138.12,63.0,1179.0519047619048,74280.27,1162142.97,503.0,502.0,2096.161391650099,2097.5282868525896,0.7673956262425448,0.8107569721115537,1054369.18,1052959.2,0.0,10.221636979184057
23,504,249,232,0.49404761904761907,1105589.87,2193.6306944444445,1625.67,2526.0021312103518,10213.55,-33.12,341,25,0.6765873015873016,110,36,52,65,54,56,37,6552.756944444444,235899.25,0.0,0.0,1.9523999999999986,48.80999999999997,2398.6192307692313,155910.25000000003,12.719642857142857,712.3,2588.3335185185174,139770.00999999995,5043.6023076923075,262267.32,6027.362432432432,223012.40999999997,69.0,1274.9205797101447,87969.51999999999,1105589.87,503.0,503.0,2310.423399602385,2096.161391650099,0.7256461232604374,0.7673956262425448,1162142.9699999997,1054369.18,0.1988071570576455,-5.055034725584928
24,503,251,229,0.4990059642147117,996398.2999999998,1980.911133200795,853.65,2557.4603474235787,10068.04,-48.36,324,25,0.6441351888667992,115,35,50,64,54,55,37,6604.069714285714,231142.44,0.0,0.0,-12.847600000000002,-321.19000000000005,821.7021875,52588.94,0.6625454545454569,36.440000000000126,2675.586111111111,144481.65,4985.0364,249251.81999999998,6162.183243243244,228000.78000000003,68.0,1341.4326470588237,91217.42000000001,996398.3,504.0,503.0,2193.6306944444445,2310.423399602385,0.6765873015873016,0.7256461232604374,1105589.87,1162142.9699999997,-0.1984126984126977,-9.697145548810015
25,503,249,231,0.49502982107355864,1170382.14,2326.8034592445324,1382.39,2718.060568172927,10121.02,-63.47,316,24,0.6282306163021869,119,34,49,64,53,53,37,6712.835,228236.39,0.0,0.0,-20.015,-480.36,1815.80171875,116211.31,-10.533396226415096,-558.2700000000001,4880.087169811321,258644.61999999997,4931.102448979592,241624.02000000002,6364.226486486486,235476.37999999998,70.0,1303.2578571428573,91228.05000000002,1170382.14,503.0,504.0,1980.911133200795,2193.6306944444445,0.6441351888667992,0.6765873015873016,996398.2999999998,1105589.87,0.0,17.461274271543825
26,501,249,229,0.49700598802395207,1075304.91,2146.317185628742,1354.15,2642.654784647488,10419.11,-81.75,309,25,0.6167664670658682,124,35,50,64,53,53,37,6823.466285714287,238821.32000000004,0.0,0.0,-31.055999999999997,-776.4,1858.67296875,118955.07,-24.106981132075468,-1277.6699999999998,2818.98679245283,149406.3,4979.4182,248970.91,6560.238918918919,242728.84,60.0,1307.9423333333332,78476.54,1075304.91,503.0,503.0,2326.8034592445324,1980.911133200795,0.6282306163021869,0.6441351888667992,1170382.14,996398.2999999998,-0.3976143141153132,-7.7568336465508985
27,499,250,226,0.501002004008016,1105065.32,2214.5597595190384,1357.35,2750.9992795359235,10822.05,-100.95,307,25,0.6152304609218436,129,35,51,65,54,53,38,7038.352285714287,246342.33000000005,0.0,0.0,-45.8212,-1145.53,1900.7830769230768,123550.9,-38.720943396226424,-2052.2100000000005,2863.775185185185,154643.86,5143.6643137254905,262326.88,6647.4805263157905,252604.26000000004,49.0,1403.9761224489794,68794.82999999999,1105065.32,501.0,503.0,2146.317185628742,2326.8034592445324,0.6167664670658682,0.6282306163021869,1075304.91,1170382.14,-0.39920159680638667,3.1795195205644777
28,503,252,227,0.5009940357852882,1251422.81,2487.9181113320083,1407.84,2981.1107556595366,10800.39,-122.59,307,25,0.610337972166998,133,35,51,67,55,54,38,7232.8157142857135,253148.55,0.0,0.0,-63.644400000000005,-1591.1100000000001,1904.709552238806,127615.54000000001,-51.69962962962964,-2791.7800000000007,5117.674545454545,281472.1,5232.014509803921,266832.74,6878.2339473684215,261372.89,45.0,1452.5306666666668,65363.880000000005,1251422.81,499.0,501.0,2214.5597595190384,2146.317185628742,0.6152304609218436,0.6167664670658682,1105065.32,1075304.91,0.8016032064128265,12.343688204301984
29,501,253,225,0.5049900199600799,1156754.77,2308.8917564870258,1282.4,2900.303841082466,11267.95,-151.09,301,26,0.6007984031936128,138,35,51,67,56,54,39,7401.451142857143,259050.79,0.0,0.0,-74.03961538461539,-1925.0300000000002,1966.4668656716417,131753.28,-65.3412962962963,-3528.4300000000003,2996.6891071428577,167814.59000000003,5459.292941176471,278423.94,6940.0143589743575,270660.55999999994,35.0,1557.2877142857142,54505.07,1156754.77,503.0,499.0,2487.9181113320083,2214.5597595190384,0.610337972166998,0.6152304609218436,1251422.81,1105065.32,-0.3976143141153132,-7.195829879992854
30,497,251,225,0.5050301810865191,1208001.8399999999,2430.5872032193156,1436.74,3012.7826817126133,11654.98,-178.31,291,27,0.5855130784708249,144,35,50,68,56,55,39,7657.552857142857,268014.35,0.0,0.0,-87.13148148148149,-2352.55,2738.527794117647,186219.88999999998,-79.29290909090909,-4361.11,2997.391071428571,167853.9,5538.967000000001,276948.35000000003,7175.849743589744,279858.14,23.0,1557.4291304347828,35820.87,1208001.84,501.0,503.0,2308.8917564870258,2487.9181113320083,0.6007984031936128,0.610337972166998,1156754.77,1251422.81,-0.7984031936127733,5.270729837827015
31,500,254,225,0.508,1209511.32,2419.02264,629.9200000000001,3185.590182148267,11568.33,-209.01,289,27,0.578,147,34,49,67,57,55,40,7768.395882352942,264125.46,0.0,0.0,-108.5488888888889,-2930.82,997.1574626865672,66809.55,-98.43327272727274,-5413.830000000001,5187.2070175438585,295670.79999999993,5333.505918367347,261341.78999999998,7041.7875,281671.5,24.0,2009.8695833333331,48236.869999999995,1209511.32,497.0,501.0,2430.5872032193156,2308.8917564870258,0.5855130784708249,0.6007984031936128,1208001.8399999999,1156754.77,0.6036217303822866,-0.47579297726895176
32,502,255,226,0.5079681274900398,1179068.37,2348.741772908367,1300.435,2948.874938546541,11830.79,-236.27,290,23,0.5776892430278885,149,33,50,68,57,56,41,7421.747272727273,244917.66000000003,0.0,0.0,-109.19478260869563,-2511.4799999999996,2526.9132352941183,171830.10000000003,-112.0442857142857,-6274.48,3011.894561403509,171677.99000000002,5276.154399999999,263807.72,7021.570487804877,287884.38999999996,25.0,1909.4588,47736.47,1179068.37,500.0,497.0,2419.02264,2430.5872032193156,0.578,0.5855130784708249,1209511.32,1208001.8399999999,0.40000000000000036,-2.905341435400266
33,498,253,224,0.5080321285140562,1159025.53,2327.360502008032,1282.87,2921.1218798232026,11807.72,-269.88,285,21,0.572289156626506,151,32,51,68,57,58,40,7253.8540625,232123.33,0.0,0.0,-118.34809523809524,-2485.31,2574.677794117647,175078.09,-124.24396551724139,-7206.150000000001,2920.9312280701756,166493.08000000002,5313.180196078432,270972.19000000006,6892.376249999999,275695.05,20.0,2417.7625,48355.25,1159025.53,502.0,500.0,2348.741772908367,2419.02264,0.5776892430278885,0.578,1179068.37,1209511.32,-0.7968127490039834,-0.9103287192724796
34,501,251,228,0.500998003992016,1290591.54,2576.031017964072,1509.64,3090.3549526670167,12054.5,-305.63,287,20,0.5728542914171657,151,32,53,64,58,60,41,7272.932812499999,232733.84999999998,0.0,0.0,-124.76450000000003,-2495.2900000000004,2592.6324999999997,165928.47999999998,-137.45933333333332,-8247.56,5063.06948275862,293658.02999999997,5315.743207547169,281734.38999999996,6747.524390243902,276648.5,22.0,2301.4154545454544,50631.13999999999,1290591.54,498.0,502.0,2327.360502008032,2348.741772908367,0.572289156626506,0.5776892430278885,1159025.53,1179068.37,0.6024096385542244,10.68465825305054
35,501,250,229,0.499001996007984,1179937.9300000002,2355.165528942116,1305.31,2959.2311752266282,11796.0,-356.04,289,18,0.5768463073852296,151,33,53,64,59,59,42,7034.435151515151,232136.36,0.0,0.0,-99.02444444444444,-1782.4399999999998,2527.64421875,161769.23,-156.2262711864407,-9217.35,2859.2410169491523,168695.21999999997,5385.8403773584905,285449.54,6876.774285714286,288824.52,22.0,2457.4022727272727,54062.85,1179937.93,501.0,498.0,2576.031017964072,2327.360502008032,0.5728542914171657,0.572289156626506,1290591.54,1159025.53,0.0,-8.573867608027241
36,500,249,229,0.498,1179316.13,2358.63226,1330.25,2974.8379870266554,12097.59,-383.78,290,16,0.58,151,33,55,63,58,59,42,6921.412121212123,228406.60000000003,0.0,0.0,-84.31687500000001,-1349.0700000000002,2624.2150793650785,165325.54999999996,-162.7783050847458,-9603.920000000002,2814.8760344827588,163262.81,5279.527272727271,290373.99999999994,7028.793333333335,295209.32000000007,23.0,2073.5147826086964,47690.84000000001,1179316.13,501.0,501.0,2355.165528942116,2576.031017964072,0.5768463073852296,0.5728542914171657,1179937.9300000002,1290591.54,-0.1996007984031989,0.1471969173835852
37,502,250,230,0.49800796812749004,1339725.8,2668.7764940239044,1779.875,3206.1370637997866,12543.6,-447.94,293,16,0.5836653386454184,151,32,55,64,59,60,44,7199.094999999999,230371.03999999998,0.0,0.0,-100.18812500000001,-1603.0100000000002,2583.03109375,165313.99,-176.25166666666664,-10575.099999999999,5111.858813559322,301599.67,5411.658545454545,297641.22,7010.55840909091,308464.57,21.0,2310.162857142857,48513.41999999999,1339725.8,500.0,501.0,2358.63226,2355.165528942116,0.58,0.5768463073852296,1179316.13,1179937.9300000002,0.40000000000000036,13.149325534278278
38,501,246,233,0.49101796407185627,1100935.91,2197.476866267465,549.01,3077.427560457136,12218.53,-478.64,292,16,0.5828343313373253,152,32,55,61,58,62,44,7314.9678125,234078.97,0.0,0.0,-121.4,-1942.4,961.5862295081968,58656.76,-167.335,-10374.77,3005.199137931034,174301.54999999996,5297.134727272729,291342.4100000001,6999.946818181819,307997.66000000003,21.0,2232.177619047619,46875.729999999996,1100935.91,502.0,500.0,2668.7764940239044,2358.63226,0.5836653386454184,0.58,1339725.8,1179316.13,-0.19920318725099584,-17.659763895995173
39,500,244,234,0.488,1021612.56,2043.22512,1228.8600000000001,2645.701899929841,10767.8,-514.44,292,14,0.584,153,27,48,53,49,59,38,6708.917777777778,181140.78,0.0,0.0,-51.39,-719.46,2353.1101886792453,124714.84,-121.72881355932202,-7181.999999999999,2740.3526530612253,134277.28000000003,4804.127083333334,230598.1,6357.833157894736,241597.65999999997,59.0,1986.192542372881,117185.35999999999,1021612.56,501.0,502.0,2197.476866267465,2668.7764940239044,0.5828343313373253,0.5836653386454184,1100935.91,1339725.8,-0.1996007984031989,-7.019493521652864
40,501,245,234,0.48902195608782434,1123221.97,2241.96001996008,1216.43,2808.668602270371,10880.55,-545.85,296,14,0.590818363273453,154,26,48,53,51,61,39,6849.87923076923,178096.86,0.0,0.0,-64.04857142857142,-896.6799999999998,2230.2456603773585,118203.01999999999,-131.82360655737705,-8041.240000000001,4708.0890196078435,240112.54,4967.256249999999,238428.3,6197.286153846153,241694.15999999997,55.0,2102.2729090909093,115625.01000000001,1123221.97,500.0,501.0,2043.22512,2197.476866267465,0.584,0.5828343313373253,1021612.56,1100935.91,0.20000000000000018,9.726529789340098
41,498,246,232,0.4939759036144578,991293.46,1990.5491164658633,1013.185,2725.9951878196184,11280.3,-601.05,292,15,0.5863453815261044,157,27,47,49,52,62,39,6887.342962962964,185958.26,0.0,0.0,-65.06933333333335,-976.0400000000003,1779.8061224489795,87210.5,-135.83048387096773,-8421.49,2699.668076923076,140382.73999999996,5067.874042553191,238190.08000000002,6372.379743589743,248522.81,50.0,2008.5320000000002,100426.6,991293.46,501.0,500.0,2241.96001996008,2043.22512,0.590818363273453,0.584,1123221.97,1021612.56,-0.5988023952095856,-11.2138887962281
42,496,240,237,0.4838709677419355,925294.86,1865.5138306451613,117.47,2810.981292215244,11476.24,-599.58,288,16,0.5806451612903226,159,29,46,52,55,60,39,6889.396896551723,199792.50999999998,0.0,0.0,-68.898125,-1102.37,417.20576923076925,21694.7,-151.20183333333335,-9072.11,2690.8394545454544,147996.16999999998,5171.262608695652,237878.08,6410.413333333333,250006.12,40.0,1952.5439999999999,78101.76,925294.86,498.0,501.0,1990.5491164658633,2241.96001996008,0.5863453815261044,0.590818363273453,991293.46,1123221.97,-0.40160642570281624,-6.281446902586207
43,501,244,238,0.4870259481037924,1025123.14,2046.1539720558883,136.52,2893.3202189167364,11552.62,-685.9,294,18,0.5868263473053892,160,29,48,52,54,56,37,6707.019310344826,194503.55999999997,0.0,0.0,-60.61944444444445,-1091.15,401.55499999999995,20880.859999999997,-156.77375,-8779.33,4534.301481481481,244852.27999999997,5222.362291666667,250673.39,6142.198378378378,227261.34,47.0,2060.0465957446813,96822.19000000002,1025123.14,496.0,498.0,1865.5138306451613,1990.5491164658633,0.5806451612903226,0.5863453815261044,925294.86,991293.46,1.0080645161290258,9.683130644400272
44,503,244,241,0.4850894632206759,1037641.72,2062.906003976143,1176.78,2700.9941519091717,11429.64,-710.21,301,19,0.5984095427435387,159,30,49,56,55,51,37,6696.529333333334,200895.88,0.0,0.0,-64.1642105263158,-1219.1200000000001,2222.7523214285716,124474.13,-172.21078431372553,-8782.750000000002,2618.7369090909087,144030.52999999997,5068.452857142857,248354.19,6157.614054054055,227831.72000000003,47.0,2171.4285106382977,102057.14,1037641.72,501.0,496.0,2046.1539720558883,1865.5138306451613,0.5868263473053892,0.5806451612903226,1025123.14,925294.86,0.3992015968063978,0.8187082765537479
45,504,244,243,0.48412698412698413,958698.2799999999,1902.1791269841267,391.635,2735.388085924032,11382.08,-773.18,304,20,0.6031746031746031,157,31,48,57,54,53,37,6807.301935483872,211026.36000000002,0.0,0.0,-65.637,-1312.74,760.671052631579,43358.25,-164.13283018867926,-8699.04,2619.058518518519,141429.16000000003,5097.912499999999,244699.8,6039.601351351352,223465.25,47.0,2228.324255319149,104731.23999999999,958698.28,503.0,501.0,2062.906003976143,2046.1539720558883,0.5984095427435387,0.5868263473053892,1037641.72,1025123.14,0.1988071570576455,-7.791284560819722
46,501,247,237,0.4930139720558882,1083142.2600000002,2161.960598802396,1164.89,2762.759967301184,10787.95,-790.57,299,19,0.5968063872255489,157,31,51,56,52,51,38,6536.114193548387,202619.54,0.0,0.0,-48.58526315789474,-923.12,2219.8973214285716,124314.25,-157.60921568627447,-8038.069999999998,4298.351923076923,223514.30000000002,4825.385490196079,246094.66000000003,5628.1286842105255,213868.88999999998,46.0,1775.908913043478,81691.80999999998,1083142.26,504.0,503.0,1902.1791269841267,2062.906003976143,0.6031746031746031,0.5984095427435387,958698.2799999999,1037641.72,-0.5952380952380931,13.657045655324197
47,502,246,239,0.4900398406374502,980532.26,1953.2515139442232,1094.3249999999998,2647.1685234504066,11090.48,-818.72,302,19,0.601593625498008,156,31,50,58,52,53,38,6306.1067741935485,195489.31,0.0,0.0,-56.86052631578948,-1080.3500000000001,2095.9960344827587,121567.77,-137.6498113207547,-7295.44,2451.5975,127483.06999999999,4876.4614,243823.07,5771.4484210526325,219315.04000000004,45.0,1805.1064444444444,81229.79,980532.26,501.0,504.0,2161.960598802396,1902.1791269841267,0.5968063872255489,0.6031746031746031,1083142.2600000002,958698.2799999999,0.1996007984031989,-9.653695121631067
48,502,242,242,0.4820717131474104,977003.14,1946.2213944223108,1072.6100000000001,2621.927423393364,11015.1,-861.98,305,20,0.6075697211155379,154,32,49,60,52,51,38,6090.6553125,194900.97,0.0,0.0,-62.3615,-1247.23,2222.3518333333336,133341.11000000002,-111.10058823529413,-5666.13,2490.539423076923,129508.04999999999,4989.65918367347,244493.30000000002,5687.067105263159,216108.55000000005,46.0,1425.315652173913,65564.51999999999,977003.14,502.0,501.0,1953.2515139442232,2161.960598802396,0.601593625498008,0.5968063872255489,980532.26,1083142.2600000002,0.0,-0.35991880573108537
49,503,243,241,0.4831013916500994,1051013.26,2089.4895825049703,1063.39,2688.3622284480643,11191.99,-906.05,308,20,0.6123260437375746,152,32,47,60,53,56,36,6020.6625,192661.2,0.0,0.0,-73.18449999999999,-1463.6899999999996,2104.1788333333334,126250.73,-108.01053571428572,-6048.59,4365.991509433962,231397.55000000002,4828.431702127659,226936.28999999998,5535.110000000001,199263.96000000002,47.0,1745.0172340425531,82015.81,1051013.26,502.0,502.0,1946.2213944223108,1953.2515139442232,0.6075697211155379,0.601593625498008,977003.14,980532.26,0.19920318725099584,7.361351000109884
50,503,241,242,0.47912524850894633,957766.62,1904.108588469185,1078.34,2538.105953263855,10343.72,-902.51,311,20,0.6182902584493042,152,31,47,57,53,60,36,6019.89,186616.59,0.0,0.0,-86.8355,-1736.71,2229.7549122807013,127096.02999999998,-108.37300000000002,-6502.380000000001,2455.4764150943392,130140.24999999999,4796.497872340426,225435.4,5607.5361111111115,201871.30000000002,47.0,2018.0029787234048,94846.14000000003,957766.62,503.0,502.0,2089.4895825049703,1946.2213944223108,0.6123260437375746,0.6075697211155379,1051013.26,977003.14,0.0,-8.872070748184468
51,502,243,239,0.48406374501992033,999735.5700000001,1991.5051195219125,1119.76,2695.9418529016225,11571.98,-1023.5,311,21,0.6195219123505976,150,32,47,58,55,59,36,6379.664375,204149.26,0.0,0.0,-94.73238095238096,-1989.3800000000003,2102.148448275862,121924.60999999999,-82.30830508474577,-4856.1900000000005,2622.5067272727274,144237.87,5048.071063829787,237259.33999999997,6083.273888888889,218997.86,44.0,1818.4590909090912,80012.20000000001,999735.57,503.0,503.0,1904.108588469185,2089.4895825049703,0.6182902584493042,0.6123260437375746,957766.62,1051013.26,-0.1988071570576566,4.589892172220611
52,501,238,244,0.4750499001996008,1017727.09,2031.3913972055886,381.5,2798.802074364753,10964.29,-1068.72,313,18,0.624750499001996,150,31,51,58,58,59,37,6211.2083870967745,192547.46000000002,0.0,0.0,-51.245000000000005,-922.4100000000001,745.5320689655174,43240.86000000001,-79.62271186440678,-4697.74,4245.6058620689655,246245.14,4848.664509803922,247281.88999999998,5953.845405405406,220292.28000000003,39.0,1890.7592307692312,73739.61000000002,1017727.09,502.0,503.0,1991.5051195219125,1904.108588469185,0.6195219123505976,0.6182902584493042,999735.5700000001,957766.62,-0.19920318725099584,2.002820745610312
53,501,238,244,0.4750499001996008,995011.16,1986.0502195608783,1174.11,2601.4169976965536,11133.36,-1141.47,312,16,0.6227544910179641,151,30,53,57,59,60,38,6045.639000000001,181369.17000000004,0.0,0.0,1.4818749999999952,23.709999999999923,2259.669649122807,128801.17,-91.86833333333333,-5512.099999999999,2466.0277966101694,145495.63999999998,4711.041320754717,249685.19,5821.867368421053,221230.96,37.0,1997.768108108108,73917.42,995011.16,501.0,502.0,2031.3913972055886,1991.5051195219125,0.624750499001996,0.6195219123505976,1017727.09,999735.5700000001,0.0,-2.2320256798902594
54,502,238,245,0.47410358565737054,985124.61,1962.399621513944,1146.46,2592.0850516373516,11141.25,-1186.14,314,17,0.6254980079681275,150,29,55,58,58,60,38,6137.092758620691,177975.69000000003,0.0,0.0,3.7252941176470613,63.33000000000004,2139.754655172414,124105.77,-88.58500000000001,-5315.1,2389.026896551724,138563.56,4779.718727272728,262884.53,5728.994210526315,217701.77999999997,37.0,1868.7851351351353,69145.05,985124.61,501.0,501.0,1986.0502195608783,2031.3913972055886,0.6227544910179641,0.624750499001996,995011.16,1017727.09,0.1996007984031989,-1.1908358516817041
55,505,242,244,0.4792079207920792,1096261.93,2170.815702970297,1363.05,2676.579195238223,11318.91,-1273.09,319,14,0.6316831683168317,149,27,58,58,61,61,37,5681.670370370371,153405.1,0.0,0.0,-3.2178571428571456,-45.05000000000004,2151.710172413793,124799.18999999999,-100.06065573770493,-6103.700000000001,4134.229672131147,252188.00999999995,4852.281206896551,281432.31,5783.682162162163,213996.24000000002,40.0,1914.7457500000005,76589.83000000002,1096261.93,502.0,501.0,1962.399621513944,1986.0502195608783,0.6254980079681275,0.6227544910179641,985124.61,995011.16,0.5976095617529875,10.620470936269587
56,505,241,244,0.4772277227722772,989474.0,1959.3544554455445,1249.31,2494.2886179053244,11685.29,-1285.74,321,13,0.6356435643564357,147,27,61,58,61,63,35,5497.82111111111,148441.16999999998,0.0,0.0,-21.308461538461533,-277.00999999999993,2244.366896551724,130173.28,-109.41380952380952,-6893.07,2332.555081967213,142285.86,4808.49786885246,293318.37000000005,5714.0977142857155,199993.42000000004,40.0,2060.7995,82431.98000000001,989474.0,505.0,502.0,2170.815702970297,1962.399621513944,0.6316831683168317,0.6254980079681275,1096261.93,985124.61,0.0,-9.741096272493932
57,505,241,244,0.4772277227722772,867722.05,1718.261485148515,1168.47,2139.1921636809398,9879.93,-1366.78,320,14,0.6336633663366337,145,24,50,48,59,57,33,5197.5025,124740.06,0.0,0.0,-23.810714285714294,-333.35000000000014,1933.2333333333336,92795.20000000001,-48.475438596491216,-2763.0999999999995,2126.4298305084744,125459.36,4209.8774,210493.87,5265.880303030303,173774.05000000002,75.0,1914.0794666666661,143555.95999999996,867722.05,505.0,505.0,1959.3544554455445,2170.815702970297,0.6356435643564357,0.6316831683168317,989474.0,1096261.93,0.0,-12.304714424027308
58,505,241,245,0.4772277227722772,979314.67,1939.2369702970298,1264.68,2276.673528359363,9724.46,-1468.3,321,14,0.6356435643564357,143,24,48,51,60,57,33,5352.950000000001,128470.80000000002,0.0,0.0,19.868571428571435,278.1600000000001,1946.8799999999994,99290.87999999998,-32.74614035087719,-1866.5299999999997,3794.000666666667,227640.04,4206.008333333334,201888.40000000002,5411.29696969697,178572.80000000002,75.0,1933.868266666667,145040.12000000002,979314.67,505.0,505.0,1718.261485148515,1959.3544554455445,0.6336633663366337,0.6356435643564357,867722.05,989474.0,0.0,12.860410773242425
59,503,240,246,0.47713717693836977,852451.36,1694.734314115308,573.77,2278.503055611677,10360.01,-1288.42,321,15,0.6381709741550696,140,23,47,52,61,57,35,5564.915652173913,127993.06000000001,0.0,0.0,18.548000000000002,278.22,649.555576923077,33776.89,-20.42087719298245,-1163.9899999999996,2214.5357377049186,135086.68000000002,4416.29,207565.63,5693.944571428572,199288.06000000003,73.0,2049.682328767123,149626.81,852451.36,505.0,505.0,1939.2369702970298,1718.261485148515,0.6356435643564357,0.6336633663366337,979314.67,867722.05,-0.3960396039603964,-12.608188680740328
60,505,240,248,0.4752475247524752,802325.09,1588.7625544554455,1190.0,2021.9058684857396,10314.51,-1325.49,326,16,0.6455445544554456,137,23,48,55,58,59,36,5492.0091304347825,126316.21,0.0,0.0,14.809375,236.95,2052.7785454545456,112902.82,-14.448983050847461,-852.4900000000002,1990.739827586207,115462.91,2462.2897916666666,118189.91,5492.048333333332,197713.73999999996,73.0,1813.0827397260275,132355.04,802325.09,503.0,505.0,1694.734314115308,1939.2369702970298,0.6381709741550696,0.6356435643564357,852451.36,979314.67,0.3976143141153132,-6.253001357040578
61,508,242,249,0.4763779527559055,981534.1,1932.1537401574803,1369.5700000000002,2240.485273611502,10306.54,-1080.37,330,17,0.6496062992125984,135,23,48,54,60,60,35,5319.050869565218,122338.17000000001,0.0,0.0,15.144117647058822,257.45,1947.5712962962962,105168.84999999999,-8.938333333333336,-536.3000000000002,3657.5943333333335,219455.66,4160.652916666667,199711.34000000003,5515.8222857142855,193053.78,76.0,1869.541447368421,142085.15,981534.1,505.0,503.0,1588.7625544554455,1694.734314115308,0.6455445544554456,0.6381709741550696,802325.09,852451.36,0.5940594059405946,21.61375120146467
62,506,245,245,0.4841897233201581,796049.1399999999,1573.2196442687746,237.98000000000002,2196.758072001925,9766.36,-1103.29,328,17,0.6482213438735178,134,23,50,54,60,61,35,5144.125217391304,118314.88,0.0,0.0,7.086470588235295,120.47000000000003,305.716111111111,16508.669999999995,-4.93,-300.72999999999996,2040.297,122417.82,4195.5742,209778.71000000002,5697.251714285714,199403.81,72.0,1802.8543055555556,129805.51,796049.14,508.0,505.0,1932.1537401574803,1588.7625544554455,0.6496062992125984,0.6455445544554456,981534.1,802325.09,-0.3937007874015741,-18.576891084218317
63,509,247,246,0.48526522593320237,904855.69,1777.712554027505,1306.95,2166.9628214547397,9689.7,-1197.41,332,17,0.6522593320235757,132,24,49,54,62,64,34,5198.365,124760.76,0.0,0.0,-1.0270588235294122,-17.460000000000008,2139.401296296296,115527.67,3.077031249999999,196.92999999999995,2080.053064516129,128963.29,4257.82693877551,208633.52,5716.800882352942,194371.23,73.0,1813.9691780821918,132419.75,904855.69,506.0,508.0,1573.2196442687746,1932.1537401574803,0.6482213438735178,0.6496062992125984,796049.1399999999,981534.1,0.5928853754940677,12.998369967200452
64,508,243,248,0.47834645669291337,1020510.25,2008.8784448818897,1500.815,2306.1692435950768,9799.75,-1271.08,332,17,0.6535433070866141,129,25,50,57,62,64,35,5282.9668,132074.17,0.0,0.0,-11.0964705882353,-188.6400000000001,2082.5677192982453,118706.35999999999,5.599218749999999,358.3499999999999,3834.9327419354836,237765.83,4343.0716,217153.58000000002,5581.85,195364.75,69.0,1728.6355072463768,119275.85,1020510.25,509.0,506.0,1777.712554027505,1573.2196442687746,0.6522593320235757,0.6482213438735178,904855.69,796049.1399999999,-0.19646365422396617,13.003558439786334
65,505,244,245,0.48316831683168315,911959.36,1805.8601188118812,1309.74,2200.418005322626,9332.23,-1336.05,329,18,0.6514851485148515,127,24,50,58,65,65,35,5357.204583333333,128572.91,0.0,0.0,-13.880000000000003,-249.84000000000003,2029.5817241379307,117715.73999999998,-3.4656923076923074,-225.26999999999998,2150.955384615385,139812.1,4471.118,223555.90000000002,5602.835999999999,196099.25999999998,63.0,1693.3104761904763,106678.56,911959.36,508.0,509.0,2008.8784448818897,1777.712554027505,0.6535433070866141,0.6522593320235757,1020510.25,904855.69,-0.5905511811023612,-10.106053284968407
66,505,245,244,0.48514851485148514,868534.9400000001,1719.8711683168317,624.11,2272.4316670607145,9872.19,-1366.02,334,18,0.6613861386138614,125,24,52,58,66,65,37,5475.437083333334,131410.49000000002,0.0,0.0,-24.435555555555553,-439.84,632.8982758620689,36708.1,-7.405846153846154,-481.38,2227.5601515151516,147018.97,4489.164038461539,233436.53000000003,5665.3216216216215,209616.9,60.0,1854.4195000000002,111265.17000000001,868534.94,505.0,508.0,1805.8601188118812,2008.8784448818897,0.6514851485148515,0.6535433070866141,911959.36,1020510.25,0.0,-4.761661747734025
67,508,248,244,0.4881889763779528,1098517.0699999998,2162.435177165354,1772.155,2422.3570756884374,9633.46,-1524.55,338,18,0.6653543307086615,124,25,53,61,70,60,37,5591.4012,139785.03,0.0,0.0,-35.88722222222222,-645.97,1956.6506557377047,119355.68999999999,-11.435833333333331,-686.1499999999999,3986.2982857142856,279040.88,4429.407924528301,234758.61999999997,5863.517837837838,216950.16,60.0,1832.6468333333335,109958.81000000001,1098517.07,505.0,505.0,1719.8711683168317,1805.8601188118812,0.6613861386138614,0.6514851485148515,868534.9400000001,911959.36,0.5940594059405946,25.732393042069646
68,506,249,241,0.49209486166007904,987956.89,1952.4839723320158,1483.605,2304.44048822153,10205.45,-1578.41,338,19,0.6679841897233202,122,24,51,63,73,61,38,5614.094166666667,134738.26,0.0,0.0,-39.073684210526324,-742.4000000000001,2112.496666666667,133087.29,-20.51622950819671,-1251.4899999999993,2274.261780821918,166021.11000000002,4493.35843137255,229161.28000000003,5983.946578947369,227389.97,55.0,1810.052181818182,99552.87000000001,987956.89,508.0,505.0,2162.435177165354,1719.8711683168317,0.6653543307086615,0.6613861386138614,1098517.0699999998,868534.9400000001,-0.3937007874015741,-9.709017271378029
69,505,247,243,0.4891089108910891,965278.31,1911.4421980198022,1280.48,2304.7884463892224,9603.07,-1515.25,337,21,0.6673267326732674,120,27,51,64,72,61,37,5494.136296296296,148341.68,0.0,0.0,-38.046190476190475,-798.97,1520.0178124999998,97281.13999999998,-32.452295081967215,-1979.5900000000001,2314.343888888889,166632.76,4496.855490196078,229339.62999999998,6004.937297297297,222182.68,52.0,2005.365,104278.98,965278.31,506.0,508.0,1952.4839723320158,2162.435177165354,0.6679841897233202,0.6653543307086615,987956.89,1098517.0699999998,-0.19762845849802257,-2.102028743580109
70,504,249,240,0.49404761904761907,1140457.1,2262.8117063492064,1845.935,2502.619421584376,10359.99,-1640.41,338,24,0.6706349206349206,118,28,51,62,72,62,39,5575.5303571428585,156114.85000000003,0.0,0.0,-30.985000000000014,-743.6400000000003,2104.4817741935485,130477.87000000001,-41.41258064516129,-2567.58,4145.237222222222,298457.07999999996,4673.793137254902,238363.45,5961.918461538462,232514.82,48.0,1830.0052083333333,87840.25,1140457.1,505.0,506.0,1911.4421980198022,1952.4839723320158,0.6673267326732674,0.6679841897233202,965278.31,987956.89,-0.1980198019801982,18.382429178000393
71,505,250,239,0.49504950495049505,1033323.7999999999,2046.1857425742573,1456.36,2428.6723049447914,10660.33,-1444.11,340,25,0.6732673267326733,116,28,52,65,73,64,40,5697.7417857142855,159536.77,0.0,0.0,-38.603199999999994,-965.0799999999999,2005.2626153846154,130342.07,-50.993437500000006,-3263.5800000000004,2411.634657534247,176049.33000000002,4736.693653846153,246308.06999999998,6146.7855,245871.42,42.0,1891.5428571428572,79444.8,1033323.8,504.0,505.0,2262.8117063492064,1911.4421980198022,0.6706349206349206,0.6673267326732674,1140457.1,965278.31,0.1984126984126977,-9.573309311027511
72,508,252,240,0.49606299212598426,1036750.2899999999,2040.847027559055,1448.5500000000002,2413.78852206454,10098.5,-1454.26,344,25,0.6771653543307087,114,29,52,69,76,64,40,5641.662413793102,163608.20999999996,0.0,0.0,-45.9896,-1149.74,1877.8542028985507,129571.94,-63.220937500000005,-4046.1400000000003,2343.3617105263156,178095.49,4754.933846153846,247256.56,6120.00275,244800.11,39.0,2015.7399999999996,78613.85999999999,1036750.29,505.0,504.0,2046.1857425742573,2262.8117063492064,0.6732673267326733,0.6706349206349206,1033323.7999999999,1140457.1,0.5940594059405946,-0.26091057640181825
73,508,251,241,0.4940944881889764,1126300.91,2217.127775590551,782.315,2683.7299836713787,10249.65,-1087.82,349,23,0.687007874015748,113,32,52,70,79,65,41,5572.468437500001,178318.99000000002,0.0,0.0,-39.6517391304348,-911.9900000000004,632.7318571428572,44291.23,-74.08615384615385,-4815.6,4167.39,329223.81,4914.794038461538,255569.28999999995,6245.812926829268,256078.33,33.0,2077.177272727273,68546.85,1126300.91,508.0,505.0,2040.847027559055,2046.1857425742573,0.6771653543307087,0.6732673267326733,1036750.2899999999,1033323.7999999999,0.0,8.637626713371848
74,509,248,245,0.48722986247544203,1097116.89,2155.4359332023573,1525.45,2526.8932017657735,11076.35,-1097.24,353,22,0.693516699410609,111,32,52,73,81,67,42,5667.2071875,181350.63,0.0,0.0,-37.25272727272726,-819.5599999999998,1826.685479452055,133348.04,-84.28432835820895,-5647.05,2453.3901234567898,198724.59999999998,5055.823461538462,262902.82,6302.354047619047,264698.87,29.0,2157.191034482759,62558.54,1097116.89,508.0,508.0,2217.127775590551,2040.847027559055,0.687007874015748,0.6771653543307087,1126300.91,1036750.2899999999,0.19685039370078705,-2.7825118185514475
75,510,248,246,0.48627450980392156,1158028.73,2270.644568627451,1735.92,2597.2475854990907,11272.03,-1198.12,359,18,0.703921568627451,108,33,55,75,83,68,44,5782.778484848485,190831.69,0.0,0.0,2.424444444444442,43.63999999999996,2042.6018666666669,153195.14,-98.96941176470588,-6729.92,2504.0732530120486,207838.08000000002,5052.463454545455,277885.49,6412.492272727272,282149.66,26.0,2031.344230769231,52814.950000000004,1158028.73,509.0,508.0,2155.4359332023573,2217.127775590551,0.693516699410609,0.687007874015748,1097116.89,1126300.91,0.19646365422396617,5.345027131190427
76,512,250,247,0.48828125,1345792.3700000003,2628.5007226562507,2100.75,2803.193071461,11356.09,-1239.01,364,15,0.7109375,105,33,57,77,84,69,44,5939.090606060607,195989.99000000002,0.0,0.0,-15.587333333333337,-233.81000000000006,2013.1471428571435,155012.33000000005,-99.08507246376811,-6836.87,4436.5489285714275,372670.1099999999,5093.319298245614,290319.2,6430.717272727274,282951.56000000006,28.0,1997.1378571428572,55919.86,1345792.37,510.0,509.0,2270.644568627451,2155.4359332023573,0.703921568627451,0.693516699410609,1158028.73,1097116.89,0.39215686274509665,15.76011318429793
77,515,251,249,0.487378640776699,1231514.3800000001,2391.2900582524276,1742.06,2751.993408230012,11526.51,-1371.61,369,16,0.7165048543689321,101,33,56,77,85,70,45,6357.6184848484845,209801.41,0.0,0.0,-18.523124999999993,-296.3699999999999,1945.605974025974,149811.66,-118.84528571428571,-8319.17,2588.2529411764704,220001.49999999997,5362.1362500000005,300279.63,6599.250666666668,296966.28,32.0,1977.17,63269.44,1231514.38,512.0,510.0,2628.5007226562507,2270.644568627451,0.7109375,0.703921568627451,1345792.3700000003,1158028.73,0.5859375,-9.024561506078188
78,513,251,247,0.48927875243664715,1127595.58,2198.0420662768033,1708.31,2520.2955309310987,10843.53,-1376.16,367,18,0.7153996101364523,97,33,57,78,83,71,43,5894.364242424243,194514.02000000002,0.0,0.0,-22.021111111111114,-396.38000000000005,1969.23358974359,153600.22000000003,-124.02154929577466,-8805.53,2359.434819277108,195833.08999999997,4672.9692982456145,266359.25,6033.106744186047,259423.59,33.0,2032.34303030303,67067.31999999999,1127595.58,515.0,512.0,2391.2900582524276,2628.5007226562507,0.7165048543689321,0.7109375,1231514.3800000001,1345792.3700000003,-0.3883495145631022,-8.081327955540917
79,513,250,248,0.4873294346978557,1284296.09,2503.501150097466,2059.97,2660.4112844356932,11040.47,-1525.51,367,19,0.7153996101364523,94,33,57,78,83,71,42,5810.299696969697,191739.88999999998,0.0,0.0,-24.983157894736838,-474.67999999999995,2008.7223076923076,156680.34,-131.35154929577465,-9325.96,4236.968192771084,351668.36,4705.234912280702,268198.39,6046.424047619047,253949.80999999997,36.0,1996.109444444444,71859.93999999999,1284296.09,513.0,515.0,2198.0420662768033,2391.2900582524276,0.7153996101364523,0.7165048543689321,1127595.58,1231514.3800000001,0.0,13.896871607105798
80,510,249,246,0.48823529411764705,1027633.12,2014.9669019607843,980.765,2564.2792141827676,10804.1,-843.18,363,22,0.711764705882353,92,33,56,76,82,71,41,5689.532121212121,187754.56,0.0,0.0,-20.147727272727288,-443.25000000000034,653.4617105263158,49663.09,-137.4285915492958,-9757.43,2433.696219512195,199563.09,4766.792678571429,266940.39,6190.901219512196,253826.95000000004,37.0,2164.478918918919,80085.72,1027633.12,513.0,513.0,2503.501150097466,2198.0420662768033,0.7153996101364523,0.7153996101364523,1284296.09,1127595.58,-0.5847953216374324,-19.514041290440876
81,510,249,246,0.48823529411764705,1113091.45,2182.5322549019606,1669.175,2529.332490635444,11135.14,-941.29,358,24,0.7019607843137254,91,33,54,75,79,71,41,5864.290606060606,193521.59,0.0,0.0,-19.217083333333335,-461.21000000000004,1822.5636000000002,136692.27000000002,-130.58169014084507,-9271.3,2451.28670886076,193651.65000000002,4812.11537037037,259854.23,6143.093414634147,251866.83000000002,42.0,2077.0807142857143,87237.39,1113091.45,510.0,513.0,2014.9669019607843,2503.501150097466,0.711764705882353,0.7153996101364523,1027633.12,1284296.09,0.0,8.316035006734701
82,508,247,246,0.4862204724409449,1140876.9100000001,2245.8206889763783,1817.765,2512.3395130202757,10981.73,-988.13,353,23,0.6948818897637795,92,31,54,76,77,71,42,5791.63870967742,179540.80000000002,0.0,0.0,1.0221739130434704,23.50999999999982,1923.5901315789474,146192.85,-151.2752112676056,-10740.539999999999,4286.762467532468,330080.71,3026.655740740741,163439.41,6079.556666666666,255341.37999999998,42.0,1833.3045238095237,76998.79,1140876.91,510.0,510.0,2182.5322549019606,2014.9669019607843,0.7019607843137254,0.711764705882353,1113091.45,1027633.12,-0.39215686274509665,2.8997708479346462
83,508,248,245,0.4881889763779528,1113078.8299999998,2191.100059055118,1163.97,2772.4168466325746,11892.83,-1112.4,352,23,0.6929133858267716,92,30,53,75,77,71,42,6420.818666666665,192624.55999999997,0.0,0.0,-3.3739130434782605,-77.6,926.2258666666667,69466.94,-170.49338028169015,-12105.03,2714.69025974026,209031.15000000002,5119.248301886791,271320.1599999999,6900.591190476191,289824.83,45.0,2066.529333333334,92993.82000000002,1113078.83,508.0,510.0,2245.8206889763783,2182.5322549019606,0.6948818897637795,0.7019607843137254,1140876.9100000001,1113091.45,0.0,-2.4365538259513264
84,505,246,245,0.4871287128712871,1092882.08,2164.1229306930695,1108.74,2744.41259415086,11660.34,-986.08,346,23,0.6851485148514852,92,30,54,74,78,71,39,6605.225,198156.75,0.0,0.0,-14.895652173913048,-342.6000000000001,861.8206756756757,63774.73,-180.22211267605633,-12795.769999999999,2709.512435897436,211341.97,5117.962222222222,276369.96,6683.204102564102,260644.96,44.0,2175.729090909091,95732.08,1092882.08,508.0,508.0,2191.100059055118,2245.8206889763783,0.6929133858267716,0.6948818897637795,1113078.8299999998,1140876.9100000001,-0.5905511811023612,-1.231213894160632
85,508,247,247,0.4862204724409449,1346431.67,2650.4560433070865,2129.035,2850.445945282286,11202.03,-1050.66,347,23,0.6830708661417323,92,31,52,75,81,67,38,6617.048387096774,205128.49999999997,0.0,0.0,-25.755217391304342,-592.3699999999999,2002.8385333333335,150212.89,-167.50194029850746,-11222.63,4728.9646913580245,383046.14,5104.195192307693,265418.15,6551.939210526315,248973.68999999997,49.0,2152.3938775510205,105467.3,1346431.67,505.0,508.0,2164.1229306930695,2191.100059055118,0.6851485148514852,0.6929133858267716,1092882.08,1113078.8299999998,0.5940594059405946,22.472527124800013
86,509,249,246,0.48919449901768175,1226579.58,2409.783064833006,2066.11,2709.9253510181757,11577.07,-1156.51,348,23,0.6836935166994106,91,32,52,74,82,64,38,6775.6921875,216822.15,0.0,0.0,-41.43521739130434,-953.0099999999999,2409.4282432432433,178297.69,-151.74437500000002,-9711.640000000001,2742.284390243902,224867.31999999998,5106.176730769231,265521.19,6460.081578947368,245483.09999999998,53.0,2004.7694339622644,106252.78000000001,1226579.58,508.0,505.0,2650.4560433070865,2164.1229306930695,0.6830708661417323,0.6851485148514852,1346431.67,1092882.08,0.19685039370078705,-9.080436518908751
87,508,247,246,0.4862204724409449,1092495.57,2150.5818307086615,1066.79,2760.2963911892184,11562.35,-1207.57,345,26,0.6791338582677166,91,32,53,73,79,64,36,6955.9496875,222590.39,0.0,0.0,-38.24115384615384,-994.2699999999999,802.6804109589041,58595.67,-161.1525,-10313.76,2736.275063291139,216165.72999999998,5166.980943396227,273849.99000000005,6403.698611111111,230533.15,54.0,1890.1605555555554,102068.67,1092495.57,509.0,508.0,2409.783064833006,2650.4560433070865,0.6836935166994106,0.6830708661417323,1226579.58,1346431.67,-0.19646365422396617,-10.756206145979641
88,505,246,244,0.4871287128712871,1373987.29,2720.766910891089,2247.75,2906.7927196559444,11274.16,-1290.99,345,26,0.6831683168316832,90,32,54,72,78,64,37,6831.213750000001,218598.84000000003,0.0,0.0,-49.40499999999999,-1284.5299999999997,2375.5654166666664,171040.71,-169.380625,-10840.36,4673.352307692309,364521.4800000001,5301.150555555555,286262.12999999995,6503.000000000001,240611.00000000003,52.0,2020.7311538461543,105078.02000000002,1373987.29,508.0,509.0,2150.5818307086615,2409.783064833006,0.6791338582677166,0.6836935166994106,1092495.57,1226579.58,-0.5905511811023612,26.513061351147925
89,506,246,245,0.48616600790513836,1207774.27,2386.905671936759,1915.165,2770.9696026465053,11880.48,-1432.58,345,27,0.6818181818181818,89,32,52,71,78,64,38,6828.364374999999,218507.65999999997,0.0,0.0,-60.36703703703703,-1629.9099999999999,2196.3783098591553,155942.86000000002,-179.16343750000001,-11466.460000000001,2708.501153846154,211263.09,5321.439615384614,276714.8599999999,6565.828684210526,249501.49,55.0,1980.7396363636365,108940.68000000001,1207774.27,505.0,508.0,2720.766910891089,2150.5818307086615,0.6831683168316832,0.6791338582677166,1373987.29,1092495.57,0.1980198019801982,-12.27085045829912
90,508,246,247,0.484251968503937,1210539.56,2382.9518897637795,1943.88,2759.0469279522904,11209.94,-1488.74,344,28,0.6771653543307087,88,31,51,74,75,64,38,6773.117096774194,209966.63,0.0,0.0,-67.83607142857144,-1899.4100000000005,2332.9985135135134,172641.88999999998,-201.250625,-12880.04,2656.5354666666667,199240.16,5439.113333333333,277394.77999999997,6493.538157894737,246754.45,59.0,2022.3915254237286,119321.09999999999,1210539.56,506.0,505.0,2386.905671936759,2720.766910891089,0.6818181818181818,0.6831683168316832,1207774.27,1373987.29,0.39525691699604515,-0.16564467626286605
91,503,240,248,0.47713717693836977,1337680.07,2659.4037176938373,2177.65,2924.0566326423123,11935.43,-1554.27,342,27,0.679920477137177,89,31,52,74,74,63,38,7004.540322580646,217140.75000000003,0.0,0.0,-58.187777777777775,-1571.07,2210.912297297297,163607.50999999998,-220.66650793650794,-13901.99,4583.1647297297295,339154.19,5371.737500000001,279330.35000000003,6395.032105263159,243011.22000000003,55.0,2016.529272727273,110909.11000000002,1337680.07,508.0,506.0,2382.9518897637795,2386.905671936759,0.6771653543307087,0.6818181818181818,1210539.56,1207774.27,-0.9842519685039353,11.60123412971894
92,505,242,249,0.4792079207920792,1157495.98,2292.0712475247524,1470.62,2783.799995404646,11805.24,-1611.11,342,27,0.6772277227722773,91,30,51,72,77,61,37,7129.333,213879.99,0.0,0.0,-42.225185185185175,-1140.0799999999997,1686.7127777777778,121443.31999999999,-213.7844262295082,-13040.85,2677.706753246753,206183.41999999998,5461.181372549019,278520.25,6371.08,235729.96,59.0,1964.7452542372876,115919.96999999997,1157495.98,503.0,508.0,2659.4037176938373,2382.9518897637795,0.679920477137177,0.6771653543307087,1337680.07,1210539.56,0.3976143141153132,-13.81258767614364
93,500,239,247,0.478,1156836.02,2313.67204,1875.895,2715.5722652608506,11631.42,-1777.26,333,27,0.666,96,29,51,72,77,60,35,7141.984137931036,207117.54000000004,0.0,0.0,-55.25962962962963,-1492.01,2337.828611111111,168323.66,-235.20366666666663,-14112.219999999998,2687.622727272727,206946.94999999998,5272.073529411765,268875.75,6257.9522857142865,219028.33000000002,53.0,1927.3211320754715,102148.01999999999,1156836.02,505.0,503.0,2292.0712475247524,2659.4037176938373,0.6772277227722773,0.679920477137177,1157495.98,1337680.07,-0.990099009900991,0.942413657453911
94,499,239,247,0.4789579158316633,1197772.13,2400.3449498997993,1121.83,2919.4323090542703,11831.04,-1395.61,329,27,0.6593186372745491,101,28,50,72,78,56,35,6615.92607142857,185245.92999999996,0.0,0.0,-73.39814814814815,-1981.7500000000002,833.8602777777778,60037.94,-247.5317857142857,-13861.779999999999,4629.156538461539,361074.21,5385.804400000001,269290.22000000003,6469.4611428571425,226431.13999999998,52.0,2144.9273076923073,111536.21999999999,1197772.13,500.0,505.0,2313.67204,2292.0712475247524,0.666,0.6772277227722773,1156836.02,1157495.98,-0.20000000000000018,3.746119086947153
95,498,236,246,0.4738955823293173,1131108.37,2271.301947791165,1692.045,2670.679046716442,11370.85,-1411.83,321,26,0.6445783132530121,108,27,51,68,77,55,35,6369.969259259258,171989.16999999998,0.0,0.0,-60.376923076923084,-1569.8000000000002,2225.203088235294,151313.81,-264.9461818181818,-14572.039999999999,2780.973246753247,214134.94000000003,5425.158823529411,276683.1,6401.544571428572,224054.06000000003,51.0,2138.7280392156863,109075.12999999999,1131108.37,499.0,500.0,2400.3449498997993,2313.67204,0.6593186372745491,0.666,1197772.13,1156836.02,-0.2004008016032066,-5.376019064010828
96,501,237,247,0.47305389221556887,1125307.6199999999,2246.1229940119756,1607.21,2694.6631763185205,11228.63,-1489.65,316,27,0.6307385229540918,113,26,50,68,76,51,35,6279.834230769231,163275.69,0.0,0.0,-68.21666666666667,-1841.8500000000001,2170.2236764705885,147575.21000000002,-234.2774509803921,-11948.149999999998,2797.5427631578946,212613.25,5526.8904,276344.52,6590.774285714286,230677.1,55.0,1974.7609090909093,108611.85,1125307.62,498.0,499.0,2271.301947791165,2400.3449498997993,0.6445783132530121,0.6593186372745491,1131108.37,1197772.13,0.6024096385542244,-1.1085691976654877
97,503,236,249,0.4691848906560636,1264562.3599999999,2514.040477137177,1908.98,2917.2846533160046,11906.67,-1708.45,311,27,0.6182902584493042,117,26,49,67,74,51,34,6606.427692307692,171767.12,0.0,0.0,-83.30925925925928,-2249.3500000000004,2146.148805970149,143791.97,-222.78098039215686,-11361.83,4740.4825675675675,350795.70999999996,5628.782653061224,275810.35,6691.369117647058,227506.55,58.0,1870.7213793103451,108501.84000000001,1264562.36,501.0,498.0,2246.1229940119756,2271.301947791165,0.6307385229540918,0.6445783132530121,1125307.6199999999,1131108.37,0.3992015968063978,11.927996990345257
98,503,234,250,0.46520874751491054,1125263.52,2237.1044135188868,1459.18,2764.3506845220513,11624.73,-1186.51,309,27,0.614314115308151,120,26,48,64,72,51,34,6368.3880769230755,165578.08999999997,0.0,0.0,-101.93444444444445,-2752.23,2398.93859375,153532.07,-230.95352941176472,-11778.630000000001,2764.1033333333335,199015.44,5748.316458333334,275919.19,6882.408823529411,234001.89999999997,61.0,1831.929344262295,111747.68999999999,1125263.52,503.0,501.0,2514.040477137177,2246.1229940119756,0.6182902584493042,0.6307385229540918,1264562.3599999999,1125307.6199999999,0.0,-11.015576962135732
99,505,232,254,0.4594059405940594,1109946.8399999999,2197.914534653465,1455.16,2751.867812926137,11495.74,-1284.77,308,27,0.6099009900990099,123,26,46,65,68,52,33,6539.948461538462,170038.66,0.0,0.0,-119.17703703703702,-3217.7799999999997,2384.6063076923083,154999.41000000003,-233.38749999999996,-12136.149999999998,2706.5144117647055,184042.97999999998,5766.679130434783,265267.24,6926.823333333333,228585.16999999998,65.0,1882.574,122367.31,1109946.84,503.0,503.0,2237.1044135188868,2514.040477137177,0.614314115308151,0.6182902584493042,1125263.52,1264562.3599999999,0.3976143141153132,-1.7518126837798076
100,501,231,251,0.46107784431137727,1205293.2,2405.774850299401,1892.63,2847.371283373039,11503.81,-1441.64,302,27,0.6027944111776448,126,25,43,67,67,54,32,6548.399200000001,163709.98,0.0,0.0,-136.00703703703707,-3672.1900000000005,2544.3923880597017,170474.29,-227.5422222222222,-12287.279999999999,4646.917611940298,311343.48,5671.220232558139,243862.47,6696.275625,214280.82,60.0,1959.6938333333333,117581.62999999999,1205293.2,505.0,503.0,2197.914534653465,2237.1044135188868,0.6099009900990099,0.614314115308151,1109946.8399999999,1125263.52,-0.7920792079207928,9.457160975492984
